311-1343-1-ND,20
587-1246-1-ND,10
311-1.00MHRCT-ND,10
RMCF0603JT1K00CT-ND,10
587-2984-1-ND,20
311-1452-1-ND,10
RMCF0603JT3K30CT-ND,10
RMCF0603JT10K0CT-ND,10
445-1273-1-ND,10
1276-2908-1-ND,10
RMCF0603JT33K0CT-ND,10
RMCF0603FT51K1CT-ND,10
490-1523-1-ND,10
RMCF0603FT100KCT-ND,10
RMCF0603JT120RCT-ND,10
742C083102JPCT-ND,10
RMCF0603JT220RCT-ND,10
620-1523-1-ND,5
535-12314-1-ND,5
ATTINY84A-SSU-ND,5
490-1198-1-ND,5
IRF6648TRPBFCT-ND,0
LM3480IM3-5.0/NOPBCT-ND,5
LT3990EDD#PBF-ND,5
MAX481CSA+-ND,5
MRA4003T3GOSCT-ND,5
DB2J31000LCT-ND,5
475-1409-1-ND,20

